Movimentacao_id;Data_movimentacao;Tipo_movimentacao;FK_colaborador_id;FK_cargo_anterior;FK_cargo_novo;FK_departamento_anterior;FK_departamento_novo
1;2025-10-01;Promocao;392;761;958;752;567
2;2024-12-20;Readequacao;465;192;980;246;149
3;2021-10-24;Readequacao;920;305;780;199;440
4;2025-06-12;Transferencia;861;744;427;799;671
5;2021-10-09;Transferencia;789;676;245;53;982
6;2026-03-20;Promocao;85;148;165;643;338
7;2025-01-26;Promocao;654;888;711;106;146
8;2026-04-08;Promocao;471;611;972;126;715
9;2023-05-14;Promocao;146;269;317;917;185
10;2024-01-25;Transferencia;96;507;873;865;337
11;2021-09-25;Transferencia;935;401;122;104;176
12;2024-10-11;Transferencia;815;424;802;76;414
13;2024-01-13;Readequacao;983;79;415;216;84
14;2024-10-22;Readequacao;430;912;421;322;23
15;2024-01-09;Promocao;931;828;810;165;23
16;2017-07-19;Readequacao;306;926;463;183;316
17;2020-07-30;Transferencia;581;121;802;1000;718
18;2026-03-28;Readequacao;356;629;898;615;572
19;2020-01-05;Transferencia;6;535;722;760;72
20;2018-04-20;Promocao;949;198;370;621;946
21;2023-03-28;Promocao;549;531;585;525;621
22;2023-09-30;Promocao;222;118;153;921;308
23;2024-03-11;Promocao;31;142;661;226;308
24;2026-03-13;Transferencia;746;275;814;281;699
25;2026-04-26;Readequacao;205;95;626;357;877
26;2024-09-03;Readequacao;565;302;334;479;569
27;2024-11-29;Transferencia;829;447;715;525;744
28;2025-11-29;Promocao;945;257;143;178;492
29;2023-10-25;Promocao;704;985;298;403;1000
30;2026-02-09;Transferencia;598;785;646;602;706
31;2025-05-07;Transferencia;170;977;220;740;627
32;2025-12-09;Readequacao;444;434;987;611;612
33;2025-06-14;Promocao;279;327;904;638;666
34;2023-06-06;Readequacao;622;440;190;205;809
35;2024-07-28;Promocao;362;920;547;648;205
36;2022-04-28;Readequacao;461;911;432;35;512
37;2024-08-13;Readequacao;260;420;574;301;437
38;2026-04-27;Readequacao;847;974;188;989;453
39;2024-10-10;Promocao;361;31;805;118;782
40;2022-12-21;Promocao;829;440;715;810;744
41;2025-06-02;Readequacao;367;75;609;221;50
42;2023-11-06;Transferencia;381;149;52;799;520
43;2025-02-22;Promocao;126;327;998;705;786
44;2024-11-27;Readequacao;735;219;460;477;715
45;2025-08-14;Readequacao;815;921;802;239;414
46;2023-10-14;Promocao;68;291;500;617;218
47;2026-03-22;Transferencia;540;106;777;575;438
48;2025-05-30;Readequacao;734;969;591;905;324
49;2025-01-17;Transferencia;77;915;462;662;931
50;2022-11-27;Transferencia;699;326;819;833;289
51;2021-08-21;Transferencia;203;51;951;822;344
52;2018-05-09;Promocao;511;282;88;432;116
53;2025-08-29;Transferencia;128;176;94;616;765
54;2020-10-30;Promocao;606;243;811;591;868
55;2023-01-17;Readequacao;292;660;683;803;760
56;2022-08-29;Transferencia;5;292;997;135;945
57;2026-03-29;Readequacao;38;547;363;941;799
58;2022-05-13;Promocao;41;661;198;17;409
59;2023-12-28;Transferencia;482;850;331;822;163
60;2024-06-07;Transferencia;741;282;52;325;949
61;2023-09-21;Transferencia;410;570;775;794;764
62;2024-07-06;Transferencia;506;49;517;403;93
63;2024-07-11;Readequacao;714;506;427;870;943
64;2026-05-01;Transferencia;991;125;567;864;610
65;2024-10-04;Promocao;961;106;658;30;33
66;2026-04-13;Promocao;49;11;48;143;251
67;2025-07-07;Promocao;331;742;4;447;438
68;2020-12-06;Transferencia;175;196;849;742;799
69;2026-04-01;Readequacao;836;6;952;957;256
70;2022-12-15;Promocao;889;266;492;905;281
71;2023-07-19;Promocao;114;970;52;312;806
72;2022-11-07;Transferencia;271;705;795;628;832
73;2026-04-23;Promocao;277;175;331;948;849
74;2025-03-05;Transferencia;598;123;646;130;706
75;2022-02-26;Transferencia;883;772;332;599;771
76;2023-12-19;Readequacao;653;685;143;126;837
77;2023-06-02;Readequacao;541;592;627;490;60
78;2021-11-03;Readequacao;502;330;95;792;585
79;2019-06-28;Transferencia;495;95;532;271;100
80;2025-03-21;Promocao;729;362;139;572;15
81;2025-03-29;Promocao;676;753;334;877;39
82;2021-06-20;Transferencia;712;77;497;996;469
83;2025-04-11;Promocao;62;14;622;687;987
84;2025-11-10;Promocao;480;193;482;500;186
85;2025-11-02;Readequacao;349;834;694;605;212
86;2026-03-15;Transferencia;527;321;909;779;253
87;2025-06-21;Readequacao;726;672;461;158;639
88;2017-10-26;Transferencia;109;225;336;939;938
89;2024-05-14;Readequacao;395;889;860;636;64
90;2026-04-05;Transferencia;208;193;319;71;707
91;2019-02-20;Readequacao;434;703;536;315;881
92;2021-09-02;Promocao;664;151;123;473;147
93;2021-11-28;Transferencia;763;247;348;17;554
94;2024-12-01;Readequacao;192;30;492;488;175
95;2025-10-22;Promocao;544;361;359;272;574
96;2024-04-14;Transferencia;950;87;915;363;684
97;2023-10-27;Transferencia;218;407;247;515;212
98;2024-09-07;Transferencia;521;55;317;452;706
99;2024-01-28;Transferencia;379;51;444;665;678
100;2021-10-06;Promocao;750;199;343;302;400
101;2026-01-06;Readequacao;413;609;43;283;6
102;2024-10-19;Promocao;623;532;437;444;771
103;2017-07-24;Promocao;698;662;256;255;529
104;2019-06-25;Promocao;225;55;742;917;688
105;2024-08-17;Readequacao;590;245;479;68;677
106;2021-08-17;Readequacao;104;232;257;904;695
107;2025-07-23;Transferencia;717;415;821;402;660
108;2021-01-01;Readequacao;104;752;257;844;695
109;2025-12-13;Promocao;275;211;385;176;463
110;2025-12-18;Transferencia;356;723;898;611;572
111;2017-05-09;Readequacao;752;97;266;190;643
112;2024-06-05;Readequacao;930;638;429;489;564
113;2026-02-23;Readequacao;313;175;90;323;287
114;2024-11-16;Transferencia;72;192;197;341;222
115;2021-11-08;Transferencia;146;683;317;486;185
116;2020-02-07;Transferencia;343;182;319;998;288
117;2024-09-22;Promocao;903;175;826;696;760
118;2021-01-06;Readequacao;609;993;357;486;429
119;2024-03-01;Transferencia;2;895;518;254;617
120;2022-06-10;Readequacao;113;839;368;18;63
121;2025-06-10;Readequacao;697;856;657;234;189
122;2024-07-04;Promocao;516;774;324;151;497
123;2025-12-29;Transferencia;103;824;997;754;51
124;2025-04-15;Readequacao;464;753;179;360;800
125;2024-06-21;Transferencia;264;499;121;260;245
126;2022-01-23;Transferencia;470;848;36;362;680
127;2025-04-22;Readequacao;728;913;415;531;890
128;2025-04-01;Transferencia;878;496;228;116;110
129;2026-03-10;Promocao;703;746;877;656;212
130;2025-10-15;Readequacao;152;877;928;226;526
131;2023-10-14;Promocao;146;510;317;32;185
132;2025-03-03;Transferencia;592;713;625;997;403
133;2024-01-11;Promocao;369;763;851;92;921
134;2021-06-10;Transferencia;943;655;745;111;769
135;2024-04-20;Transferencia;899;696;807;558;445
136;2025-06-05;Readequacao;982;272;219;933;56
137;2024-07-03;Transferencia;358;401;482;604;55
138;2023-08-23;Promocao;968;317;770;196;401
139;2026-04-26;Readequacao;594;719;956;352;39
140;2025-09-27;Readequacao;126;815;998;466;786
141;2026-04-20;Promocao;992;296;826;113;858
142;2025-07-07;Readequacao;511;151;88;478;116
143;2026-03-23;Readequacao;154;990;811;297;150
144;2026-05-02;Transferencia;572;167;12;311;74
145;2017-04-27;Promocao;296;819;943;302;154
146;2023-03-11;Readequacao;465;223;980;290;149
147;2019-09-28;Promocao;127;501;944;314;348
148;2024-04-11;Promocao;441;677;592;855;353
149;2022-04-10;Transferencia;52;142;457;359;919
150;2023-01-15;Readequacao;805;682;814;982;195
151;2025-02-21;Promocao;159;731;21;278;400
152;2021-10-14;Promocao;751;443;164;600;24
153;2025-05-29;Transferencia;298;33;977;485;411
154;2025-09-05;Transferencia;255;695;694;653;663
155;2025-04-22;Promocao;433;991;172;926;742
156;2022-10-28;Readequacao;915;943;374;310;439
157;2019-12-29;Readequacao;319;578;58;447;239
158;2024-01-21;Promocao;897;824;666;593;926
159;2024-12-02;Promocao;700;205;663;257;627
160;2022-07-16;Promocao;427;309;529;313;416
161;2025-06-26;Transferencia;305;950;140;644;799
162;2025-01-25;Transferencia;559;385;96;802;833
163;2023-03-16;Readequacao;99;540;175;453;180
164;2026-01-31;Readequacao;321;958;383;702;722
165;2026-01-16;Transferencia;367;363;609;438;50
166;2026-03-19;Readequacao;431;473;171;29;265
167;2025-05-12;Promocao;28;432;52;91;599
168;2023-02-03;Readequacao;630;806;756;249;661
169;2026-02-03;Readequacao;525;131;189;636;873
170;2026-04-22;Promocao;922;899;124;301;136
171;2025-07-25;Transferencia;774;403;944;129;494
172;2025-09-21;Readequacao;687;474;617;827;306
173;2023-07-24;Transferencia;472;87;931;57;356
174;2024-04-06;Readequacao;850;110;408;342;387
175;2025-11-10;Transferencia;100;298;262;580;683
176;2022-09-19;Promocao;708;886;953;63;348
177;2025-11-19;Readequacao;759;691;157;524;121
178;2023-05-12;Readequacao;735;719;460;210;715
179;2025-11-10;Readequacao;148;140;852;229;710
180;2026-02-13;Readequacao;656;159;260;309;45
181;2026-02-11;Transferencia;319;960;58;7;239
182;2024-09-24;Promocao;639;206;694;118;688
183;2020-07-17;Promocao;1;619;229;902;143
184;2024-04-14;Promocao;533;254;627;210;973
185;2021-09-09;Transferencia;486;853;808;518;661
186;2025-08-12;Transferencia;401;949;809;125;587
187;2023-07-16;Promocao;415;189;873;840;56
188;2024-04-02;Readequacao;862;267;462;842;581
189;2021-12-04;Readequacao;698;880;256;674;529
190;2023-12-29;Promocao;127;150;944;652;348
191;2022-07-25;Readequacao;190;839;502;763;726
192;2021-02-02;Readequacao;247;524;802;760;79
193;2020-11-01;Transferencia;560;488;935;492;373
194;2019-12-26;Transferencia;297;983;278;603;846
195;2024-06-23;Readequacao;377;401;627;396;30
196;2023-02-12;Transferencia;820;476;210;427;972
197;2024-09-18;Promocao;152;291;928;469;526
198;2022-12-26;Transferencia;578;12;297;595;172
199;2026-02-17;Readequacao;35;667;95;915;650
200;2024-07-22;Transferencia;635;44;415;930;954
201;2024-07-29;Readequacao;986;480;149;904;332
202;2023-07-17;Transferencia;470;10;36;163;680
203;2025-11-27;Readequacao;513;216;638;358;748
204;2025-12-05;Promocao;538;526;592;65;859
205;2023-04-24;Readequacao;672;361;702;672;553
206;2025-07-04;Promocao;577;471;926;733;352
207;2026-01-05;Promocao;286;946;211;404;531
208;2026-02-15;Transferencia;939;386;650;986;619
209;2022-02-14;Readequacao;621;590;17;726;492
210;2026-05-05;Promocao;795;539;743;266;636
211;2024-08-17;Readequacao;715;603;404;979;383
212;2025-05-05;Transferencia;357;633;92;850;228
213;2025-01-13;Readequacao;70;31;302;873;227
214;2020-01-28;Promocao;163;99;911;682;410
215;2025-10-06;Promocao;512;488;461;332;483
216;2026-05-06;Promocao;791;940;802;751;131
217;2026-03-23;Readequacao;108;902;689;179;269
218;2023-01-24;Transferencia;914;774;542;997;527
219;2025-09-24;Transferencia;945;64;143;627;492
220;2022-12-12;Promocao;118;868;516;768;227
221;2022-11-29;Promocao;453;622;272;647;212
222;2018-08-28;Readequacao;946;329;643;111;557
223;2023-07-03;Readequacao;461;137;432;653;512
224;2025-11-17;Transferencia;570;201;241;259;443
225;2025-01-02;Promocao;449;293;898;231;551
226;2019-06-29;Readequacao;760;445;50;834;960
227;2021-07-05;Promocao;829;89;715;597;744
228;2023-11-17;Promocao;645;99;269;209;308
229;2024-12-11;Transferencia;830;915;785;6;799
230;2020-10-10;Promocao;793;582;815;560;439
231;2025-10-27;Readequacao;349;699;694;748;212
232;2025-12-14;Promocao;658;509;800;195;747
233;2024-09-06;Transferencia;585;513;100;361;940
234;2026-01-25;Promocao;634;573;211;874;576
235;2021-07-09;Readequacao;821;450;96;438;176
236;2021-01-25;Promocao;386;583;919;81;169
237;2026-01-22;Promocao;802;306;369;104;45
238;2020-05-31;Readequacao;511;53;88;616;116
239;2022-06-12;Transferencia;339;230;878;842;283
240;2025-12-29;Transferencia;945;400;143;721;492
241;2026-03-12;Transferencia;70;893;302;162;227
242;2024-08-08;Readequacao;77;590;462;248;931
243;2025-06-01;Transferencia;955;513;831;320;767
244;2021-05-05;Promocao;634;560;211;715;576
245;2025-12-24;Transferencia;597;960;862;940;471
246;2017-06-30;Transferencia;669;34;786;347;505
247;2023-07-18;Promocao;268;343;780;910;226
248;2022-12-15;Readequacao;143;561;809;837;647
249;2025-10-14;Promocao;338;935;152;900;855
250;2024-03-04;Readequacao;242;75;385;825;443
251;2020-07-08;Transferencia;927;355;761;73;798
252;2026-01-06;Readequacao;613;952;766;83;694
253;2020-09-15;Promocao;491;278;330;741;114
254;2017-04-28;Promocao;107;509;881;520;693
255;2023-01-26;Transferencia;666;442;966;490;410
256;2023-02-14;Promocao;801;22;372;954;11
257;2021-06-24;Transferencia;27;548;803;623;570
258;2025-09-10;Readequacao;699;756;819;19;289
259;2022-08-18;Transferencia;494;397;426;785;842
260;2019-10-08;Transferencia;713;441;855;719;173
261;2022-02-13;Promocao;563;119;636;449;250
262;2024-01-24;Transferencia;919;361;701;199;243
263;2026-04-30;Promocao;448;60;5;244;268
264;2025-04-12;Transferencia;95;11;740;233;148
265;2024-11-04;Promocao;766;582;455;47;87
266;2025-09-20;Promocao;895;256;321;833;536
267;2017-07-23;Promocao;79;130;462;450;706
268;2017-06-30;Readequacao;290;322;631;359;157
269;2026-01-13;Promocao;671;251;182;300;571
270;2024-07-24;Promocao;621;491;17;674;492
271;2019-11-23;Readequacao;673;79;632;257;693
272;2025-04-11;Transferencia;211;723;336;753;875
273;2021-10-18;Transferencia;920;455;780;731;440
274;2021-05-30;Transferencia;965;799;372;565;618
275;2024-10-24;Transferencia;890;251;66;540;731
276;2026-02-02;Promocao;327;516;849;107;491
277;2025-03-04;Readequacao;355;723;352;974;744
278;2022-11-09;Promocao;498;81;783;209;649
279;2023-12-18;Readequacao;862;237;462;313;581
280;2024-09-02;Readequacao;567;126;299;382;400
281;2025-02-20;Readequacao;836;37;952;241;256
282;2025-12-18;Promocao;451;783;529;465;549
283;2024-10-18;Transferencia;22;857;553;35;136
284;2026-03-16;Promocao;285;394;284;308;661
285;2025-06-18;Transferencia;62;876;622;625;987
286;2022-06-16;Transferencia;508;884;668;392;586
287;2023-04-16;Transferencia;455;230;919;211;589
288;2024-11-26;Promocao;189;442;144;546;336
289;2024-05-20;Transferencia;677;33;325;555;387
290;2021-06-30;Transferencia;960;932;541;624;716
291;2026-01-04;Readequacao;945;830;143;772;492
292;2019-12-18;Readequacao;222;350;153;744;308
293;2023-01-22;Readequacao;445;802;614;747;523
294;2022-08-08;Readequacao;771;827;30;112;418
295;2026-04-30;Readequacao;398;880;664;961;377
296;2023-08-21;Readequacao;475;587;662;737;400
297;2024-02-09;Transferencia;788;267;65;167;642
298;2024-12-22;Promocao;479;947;511;244;381
299;2016-09-28;Readequacao;930;288;429;819;564
300;2022-09-19;Readequacao;974;88;303;256;166
301;2023-02-11;Promocao;303;585;595;405;98
302;2023-10-10;Readequacao;631;371;498;276;608
303;2020-02-01;Readequacao;257;128;108;315;303
304;2024-06-22;Promocao;677;857;325;271;387
305;2025-08-20;Promocao;455;18;919;451;589
306;2018-07-31;Transferencia;478;990;276;368;129
307;2024-10-24;Promocao;654;224;711;419;146
308;2026-03-01;Readequacao;594;284;956;919;39
309;2020-11-19;Transferencia;565;977;334;66;569
310;2019-07-17;Transferencia;185;785;904;806;864
311;2024-05-06;Readequacao;266;131;323;233;863
312;2024-03-16;Readequacao;179;893;427;634;633
313;2023-08-21;Promocao;51;118;468;671;137
314;2025-01-15;Transferencia;189;519;144;882;336
315;2026-03-31;Readequacao;594;43;956;567;39
316;2024-05-08;Transferencia;234;975;18;732;515
317;2020-04-17;Transferencia;999;17;402;695;864
318;2025-05-06;Promocao;554;46;534;615;785
319;2020-08-26;Transferencia;359;80;141;520;206
320;2025-01-01;Promocao;116;80;113;243;677
321;2025-01-05;Readequacao;334;381;64;850;155
322;2025-07-17;Transferencia;426;658;558;437;584
323;2017-03-23;Transferencia;147;335;520;622;790
324;2023-09-05;Transferencia;344;919;662;668;92
325;2024-07-19;Promocao;482;637;331;32;163
326;2017-04-16;Promocao;378;298;13;953;722
327;2025-07-20;Readequacao;934;27;951;109;810
328;2023-11-05;Readequacao;217;524;472;733;355
329;2025-12-12;Transferencia;521;596;317;730;706
330;2019-11-23;Readequacao;963;388;634;851;58
331;2024-09-28;Transferencia;34;744;279;154;289
332;2025-07-13;Promocao;781;81;197;979;93
333;2025-07-25;Readequacao;982;579;219;516;56
334;2026-04-28;Promocao;646;552;30;751;123
335;2023-05-18;Readequacao;868;818;974;53;717
336;2024-10-25;Transferencia;484;538;10;533;993
337;2022-09-06;Readequacao;325;200;842;857;726
338;2024-07-30;Transferencia;301;337;974;249;344
339;2025-03-28;Promocao;237;323;866;767;445
340;2023-03-25;Transferencia;710;456;324;751;755
341;2026-04-18;Readequacao;371;361;339;574;241
342;2020-12-25;Readequacao;79;670;462;496;706
343;2024-06-23;Promocao;236;806;83;429;670
344;2020-02-09;Promocao;584;948;486;551;269
345;2024-12-02;Readequacao;796;691;773;599;367
346;2024-10-14;Transferencia;142;815;725;294;449
347;2024-01-09;Transferencia;322;84;711;419;911
348;2022-07-14;Readequacao;518;590;641;507;264
349;2025-01-24;Transferencia;903;922;826;185;760
350;2025-02-05;Transferencia;16;124;166;429;553
351;2025-07-31;Transferencia;784;729;747;953;802
352;2022-10-14;Promocao;761;130;428;891;493
353;2023-12-28;Promocao;854;25;73;707;419
354;2021-05-21;Readequacao;75;528;259;888;964
355;2023-10-26;Transferencia;941;926;836;433;884
356;2024-03-30;Promocao;131;714;226;571;405
357;2023-02-13;Transferencia;730;122;248;345;447
358;2023-05-13;Readequacao;606;632;811;111;868
359;2020-02-16;Transferencia;47;757;622;943;671
360;2022-03-16;Readequacao;973;933;785;419;892
361;2025-07-15;Transferencia;461;855;432;447;512
362;2024-07-25;Readequacao;776;717;626;138;517
363;2025-11-22;Promocao;188;86;617;156;522
364;2024-05-03;Readequacao;608;379;462;691;422
365;2025-02-01;Promocao;465;329;980;450;149
366;2025-10-10;Promocao;521;603;317;287;706
367;2023-01-29;Promocao;238;506;77;350;701
368;2023-09-15;Readequacao;578;919;297;538;172
369;2026-02-12;Transferencia;521;951;317;437;706
370;2022-02-10;Promocao;331;327;4;776;438
371;2024-02-18;Readequacao;977;43;270;834;899
372;2024-08-20;Transferencia;904;441;388;532;582
373;2026-04-03;Transferencia;589;322;89;102;877
374;2023-11-16;Transferencia;292;122;683;295;760
375;2025-08-29;Promocao;499;230;464;907;459
376;2019-07-04;Promocao;296;621;943;772;154
377;2026-02-06;Promocao;947;683;2;286;935
378;2023-08-03;Readequacao;99;566;175;859;180
379;2019-11-10;Promocao;773;29;976;613;434
380;2023-01-27;Promocao;983;551;415;819;84
381;2024-09-03;Promocao;7;853;465;843;651
382;2024-05-15;Readequacao;379;289;444;965;678
383;2026-02-07;Promocao;437;456;391;534;359
384;2021-05-23;Promocao;851;303;875;941;86
385;2025-12-18;Promocao;734;942;591;866;324
386;2023-06-02;Promocao;456;506;56;270;539
387;2018-12-06;Readequacao;886;286;347;750;608
388;2023-08-29;Readequacao;120;823;130;81;282
389;2023-01-29;Transferencia;813;745;805;77;284
390;2025-04-20;Transferencia;161;344;831;283;139
391;2026-05-04;Promocao;646;689;30;796;123
392;2024-12-31;Promocao;724;323;97;914;476
393;2024-01-01;Readequacao;444;955;987;723;612
394;2025-06-09;Readequacao;326;862;2;572;50
395;2026-05-04;Readequacao;858;642;932;37;194
396;2024-08-01;Readequacao;643;252;420;141;655
397;2022-09-28;Transferencia;386;690;919;201;169
398;2024-02-24;Promocao;482;497;331;834;163
399;2022-11-21;Promocao;752;290;266;135;643
400;2025-01-22;Readequacao;651;974;944;529;933
401;2020-07-13;Promocao;768;4;158;445;315
402;2026-02-14;Readequacao;503;626;591;214;840
403;2025-10-23;Transferencia;183;429;957;705;592
404;2022-03-11;Promocao;629;647;509;598;155
405;2022-06-26;Readequacao;654;496;711;544;146
406;2025-10-10;Promocao;978;899;385;308;163
407;2023-11-20;Transferencia;897;685;666;497;926
408;2025-09-09;Transferencia;816;402;486;613;240
409;2023-05-25;Promocao;557;303;628;99;914
410;2023-10-01;Transferencia;116;430;113;993;677
411;2021-05-23;Promocao;334;679;64;436;155
412;2025-06-27;Readequacao;181;980;752;327;882
413;2020-02-26;Readequacao;117;714;130;408;760
414;2024-10-01;Transferencia;132;861;510;825;765
415;2021-05-15;Promocao;616;704;873;241;477
416;2025-06-23;Transferencia;298;520;977;221;411
417;2025-04-02;Transferencia;63;791;407;331;965
418;2024-12-30;Transferencia;692;422;22;401;661
419;2026-04-12;Promocao;436;267;665;935;442
420;2025-11-23;Transferencia;275;746;385;225;463
421;2026-02-09;Transferencia;652;47;867;316;545
422;2020-10-06;Promocao;420;587;79;897;745
423;2024-04-06;Promocao;549;799;585;641;621
424;2025-12-21;Promocao;971;626;953;338;788
425;2024-06-25;Readequacao;620;21;464;974;508
426;2023-06-16;Readequacao;22;93;553;800;136
427;2026-04-10;Readequacao;342;362;406;786;911
428;2023-08-14;Transferencia;65;532;843;216;502
429;2024-03-21;Readequacao;549;161;585;859;621
430;2026-03-27;Promocao;406;298;527;821;85
431;2025-07-18;Promocao;933;340;799;424;400
432;2024-11-19;Promocao;567;963;299;14;400
433;2022-12-21;Readequacao;866;774;699;963;912
434;2025-05-23;Transferencia;105;408;93;811;932
435;2020-09-11;Promocao;44;290;447;309;2
436;2022-03-20;Readequacao;236;35;83;279;670
437;2023-05-20;Promocao;127;672;944;411;348
438;2022-09-22;Promocao;838;883;640;87;213
439;2023-06-10;Readequacao;76;740;972;721;312
440;2025-06-21;Readequacao;426;16;558;761;584
441;2022-04-22;Readequacao;620;98;464;754;508
442;2024-01-09;Readequacao;812;199;184;852;453
443;2023-03-13;Transferencia;880;804;507;332;299
444;2025-08-07;Transferencia;525;310;189;281;873
445;2026-02-25;Readequacao;208;271;319;993;707
446;2023-03-08;Transferencia;591;386;796;299;64
447;2024-06-21;Readequacao;96;991;873;417;337
448;2026-04-07;Readequacao;286;292;211;930;531
449;2026-04-05;Promocao;547;251;474;392;803
450;2025-03-30;Transferencia;509;404;424;975;434
451;2025-05-10;Transferencia;782;732;724;111;621
452;2024-12-02;Transferencia;230;999;346;26;264
453;2024-04-30;Transferencia;790;458;641;379;458
454;2025-03-08;Transferencia;577;659;926;319;352
455;2021-03-30;Promocao;148;98;852;575;710
456;2025-07-25;Promocao;213;608;261;256;837
457;2025-02-27;Transferencia;145;632;573;859;386
458;2026-03-25;Promocao;536;860;244;581;223
459;2023-11-07;Transferencia;61;259;157;422;245
460;2023-02-12;Promocao;759;855;157;155;121
461;2025-10-30;Transferencia;330;579;272;614;677
462;2023-06-07;Promocao;893;275;263;707;872
463;2022-05-24;Readequacao;774;814;944;501;494
464;2024-09-26;Promocao;512;983;461;668;483
465;2025-03-11;Readequacao;330;726;272;495;677
466;2025-09-12;Transferencia;569;944;302;108;64
467;2018-05-26;Promocao;717;385;821;131;660
468;2024-12-27;Promocao;166;767;77;125;688
469;2024-05-02;Promocao;203;891;951;996;344
470;2026-02-06;Readequacao;40;508;894;175;40
471;2026-02-04;Readequacao;823;499;335;144;881
472;2024-04-28;Promocao;896;429;853;409;221
473;2021-08-13;Readequacao;304;446;243;302;299
474;2026-01-08;Readequacao;945;536;143;331;492
475;2025-12-05;Promocao;911;578;879;666;121
476;2024-11-04;Promocao;145;536;573;702;386
477;2024-05-17;Transferencia;823;532;335;620;881
478;2022-08-12;Transferencia;484;216;10;959;993
479;2026-03-10;Promocao;950;873;915;951;684
480;2025-06-26;Transferencia;169;733;984;850;117
481;2021-03-17;Promocao;11;427;253;184;763
482;2023-11-29;Readequacao;482;6;331;320;163
483;2020-06-15;Readequacao;193;711;322;97;429
484;2023-11-04;Readequacao;470;97;36;63;680
485;2025-03-21;Readequacao;480;69;482;359;186
486;2020-02-26;Promocao;573;354;881;644;467
487;2025-06-10;Transferencia;951;282;79;292;808
488;2021-09-03;Transferencia;599;377;608;640;245
489;2020-07-21;Readequacao;957;575;996;555;954
490;2020-04-03;Promocao;676;80;334;607;39
491;2026-02-17;Promocao;106;222;851;287;169
492;2026-03-08;Readequacao;270;105;436;130;105
493;2024-12-24;Transferencia;602;785;249;393;719
494;2026-01-17;Readequacao;590;874;479;607;677
495;2026-01-03;Promocao;284;215;881;173;223
496;2025-11-28;Readequacao;803;222;201;94;23
497;2025-12-20;Promocao;151;169;896;487;381
498;2017-03-29;Promocao;332;918;299;994;84
499;2026-04-04;Transferencia;141;827;514;451;155
500;2023-08-01;Readequacao;681;335;205;310;425
501;2026-02-17;Transferencia;779;247;456;574;689
502;2025-02-03;Transferencia;387;724;953;486;873
503;2026-04-20;Readequacao;320;535;735;325;182
504;2023-09-02;Promocao;81;863;812;220;315
505;2025-04-06;Readequacao;969;854;25;285;602
506;2021-11-06;Transferencia;147;574;520;453;790
507;2025-06-15;Promocao;712;257;497;702;469
508;2026-03-04;Promocao;572;668;12;357;74
509;2022-01-17;Readequacao;26;876;219;478;886
510;2026-01-23;Readequacao;355;435;352;219;744
511;2022-07-15;Promocao;574;392;435;384;620
512;2025-08-03;Transferencia;956;11;113;201;62
513;2024-03-16;Readequacao;370;200;852;6;536
514;2024-11-21;Transferencia;318;97;578;933;146
515;2021-05-21;Promocao;938;515;181;944;263
516;2022-10-24;Transferencia;622;35;190;663;809
517;2025-05-25;Readequacao;658;408;800;45;747
518;2023-01-20;Promocao;722;281;538;641;86
519;2022-08-01;Readequacao;995;844;230;32;520
520;2023-05-24;Transferencia;950;623;915;648;684
521;2025-08-01;Readequacao;503;485;591;768;840
522;2025-07-16;Promocao;769;827;146;107;423
523;2023-11-18;Readequacao;379;628;444;916;678
524;2025-09-17;Promocao;157;892;549;872;17
525;2024-10-08;Promocao;85;855;165;867;338
526;2021-05-10;Promocao;58;653;578;728;679
527;2023-11-28;Transferencia;322;879;711;558;911
528;2024-08-18;Readequacao;874;671;548;629;649
529;2021-04-01;Transferencia;18;858;676;689;487
530;2021-03-23;Readequacao;920;928;780;601;440
531;2024-06-20;Readequacao;967;529;810;15;496
532;2026-03-08;Readequacao;413;858;43;684;6
533;2023-11-10;Readequacao;63;198;407;845;965
534;2025-05-21;Transferencia;152;86;928;177;526
535;2023-11-04;Readequacao;46;624;431;204;681
536;2023-12-31;Readequacao;518;178;641;651;264
537;2025-09-20;Transferencia;863;964;112;4;890
538;2024-07-28;Transferencia;281;360;608;121;232
539;2024-07-15;Promocao;478;857;276;714;129
540;2024-02-06;Promocao;580;91;288;120;282
541;2021-05-19;Readequacao;187;191;287;326;846
542;2025-06-24;Promocao;642;786;148;174;213
543;2026-01-04;Promocao;223;384;576;472;423
544;2024-11-06;Transferencia;899;966;807;253;445
545;2026-04-21;Promocao;858;658;932;966;194
546;2020-04-26;Transferencia;766;318;455;55;87
547;2020-09-24;Promocao;723;183;862;286;255
548;2021-07-07;Promocao;579;424;829;232;756
549;2019-03-29;Transferencia;280;182;54;303;406
550;2024-12-14;Transferencia;715;271;404;95;383
551;2024-06-11;Readequacao;364;373;47;358;306
552;2024-09-11;Readequacao;536;850;244;647;223
553;2021-06-03;Readequacao;852;38;576;973;621
554;2021-01-14;Promocao;395;551;860;583;64
555;2024-12-21;Readequacao;720;356;525;662;205
556;2021-11-11;Readequacao;816;213;486;351;240
557;2026-04-30;Readequacao;992;565;826;850;858
558;2021-04-20;Promocao;814;93;310;526;764
559;2023-12-28;Promocao;265;479;393;268;434
560;2025-10-21;Readequacao;945;530;143;675;492
561;2025-04-16;Readequacao;191;144;894;479;705
562;2021-12-23;Readequacao;331;578;4;387;438
563;2023-02-15;Promocao;603;331;838;719;838
564;2020-05-27;Promocao;645;891;269;923;308
565;2022-03-15;Transferencia;163;487;911;343;410
566;2021-08-25;Transferencia;664;192;123;936;147
567;2025-03-22;Promocao;314;479;392;560;801
568;2022-05-28;Readequacao;771;450;30;829;418
569;2025-05-30;Transferencia;468;749;66;409;960
570;2025-05-31;Transferencia;855;259;357;741;522
571;2020-07-15;Transferencia;616;495;873;695;477
572;2016-11-17;Promocao;308;995;570;952;767
573;2024-11-29;Transferencia;782;111;724;432;621
574;2019-03-22;Transferencia;793;977;815;592;439
575;2018-01-02;Promocao;608;168;462;525;422
576;2026-01-23;Readequacao;945;908;143;612;492
577;2025-09-18;Readequacao;966;204;932;975;317
578;2020-05-01;Transferencia;770;134;243;680;505
579;2022-02-01;Transferencia;808;994;770;93;522
580;2021-03-22;Transferencia;812;821;184;355;453
581;2026-03-19;Readequacao;406;472;527;1;85
582;2025-03-14;Transferencia;152;905;928;177;526
583;2021-05-03;Promocao;315;190;327;242;612
584;2021-09-07;Promocao;448;742;5;251;268
585;2026-02-19;Transferencia;702;866;230;795;731
586;2023-08-04;Promocao;6;164;722;353;72
587;2026-03-24;Readequacao;483;704;683;404;224
588;2025-08-16;Transferencia;218;685;247;386;212
589;2020-01-04;Promocao;724;782;97;939;476
590;2021-11-13;Promocao;397;326;321;782;990
591;2025-02-08;Readequacao;410;920;775;290;764
592;2024-02-28;Readequacao;748;612;718;404;567
593;2024-03-25;Readequacao;74;501;654;686;890
594;2025-02-26;Readequacao;994;28;391;228;118
595;2026-04-28;Transferencia;183;241;957;378;592
596;2026-01-16;Readequacao;349;843;694;2;212
597;2026-02-11;Readequacao;614;937;76;80;483
598;2020-12-28;Promocao;236;512;83;193;670
599;2023-09-20;Transferencia;217;446;472;96;355
600;2026-01-18;Transferencia;394;436;536;155;110
601;2022-05-22;Transferencia;319;692;58;841;239
602;2025-02-15;Transferencia;36;982;575;978;10
603;2026-01-19;Readequacao;184;408;93;699;968
604;2025-01-10;Promocao;855;477;357;826;522
605;2025-12-11;Readequacao;355;751;352;104;744
606;2022-02-27;Promocao;884;823;299;827;919
607;2023-02-04;Readequacao;165;132;171;589;707
608;2026-03-29;Readequacao;394;12;536;498;110
609;2024-07-14;Promocao;983;412;415;433;84
610;2023-08-20;Readequacao;311;265;947;760;588
611;2025-10-27;Transferencia;119;515;491;382;868
612;2023-05-10;Transferencia;730;865;248;548;447
613;2020-05-29;Transferencia;115;435;891;545;239
614;2025-09-03;Promocao;892;82;185;154;6
615;2025-12-18;Promocao;346;605;858;265;60
616;2025-06-27;Transferencia;528;446;534;50;112
617;2016-09-06;Transferencia;289;125;945;889;62
618;2025-04-24;Readequacao;472;52;931;911;356
619;2024-07-03;Transferencia;703;259;877;436;212
620;2024-12-08;Promocao;692;786;22;839;661
621;2023-11-09;Transferencia;556;184;556;301;359
622;2025-12-25;Transferencia;428;458;170;333;236
623;2023-11-30;Transferencia;652;611;867;115;545
624;2017-06-08;Transferencia;750;545;343;757;400
625;2018-07-17;Promocao;255;87;694;548;663
626;2024-04-25;Transferencia;130;649;425;506;280
627;2022-11-24;Transferencia;915;354;374;996;439
628;2023-10-28;Readequacao;706;250;61;941;54
629;2024-10-10;Promocao;841;583;333;470;647
630;2020-08-01;Promocao;79;382;462;40;706
631;2026-02-13;Promocao;624;832;969;904;932
632;2026-02-03;Transferencia;392;743;958;81;567
633;2025-04-03;Transferencia;950;768;915;310;684
634;2024-12-19;Readequacao;411;189;89;974;289
635;2025-02-14;Promocao;264;669;121;761;245
636;2025-04-06;Promocao;857;989;862;120;166
637;2023-06-28;Readequacao;585;311;100;631;940
638;2024-11-20;Promocao;553;711;397;819;731
639;2026-02-20;Transferencia;384;485;229;221;865
640;2025-08-16;Promocao;282;706;393;797;92
641;2026-04-28;Readequacao;284;688;881;47;223
642;2026-04-24;Transferencia;409;695;462;292;646
643;2022-10-20;Transferencia;6;213;722;20;72
644;2020-06-27;Transferencia;673;282;632;274;693
645;2026-04-13;Promocao;614;326;76;100;483
646;2024-03-17;Promocao;231;727;939;333;911
647;2024-11-29;Readequacao;66;295;631;746;828
648;2025-08-15;Readequacao;624;603;969;431;932
649;2025-12-26;Transferencia;610;555;520;399;225
650;2024-05-16;Transferencia;953;13;327;352;507
651;2023-07-16;Promocao;328;843;76;456;351
652;2025-10-06;Promocao;474;761;300;511;612
653;2026-01-29;Transferencia;546;175;945;690;689
654;2021-09-27;Readequacao;262;34;375;677;334
655;2021-08-31;Readequacao;991;647;567;499;610
656;2023-12-15;Readequacao;354;213;739;766;27
657;2024-08-26;Transferencia;379;299;444;769;678
658;2024-03-27;Readequacao;463;31;571;160;955
659;2020-02-11;Readequacao;599;640;608;361;245
660;2021-11-11;Transferencia;442;784;805;24;347
661;2026-04-05;Transferencia;570;503;241;241;443
662;2024-11-22;Readequacao;944;135;147;388;962
663;2026-01-21;Transferencia;972;127;700;100;397
664;2022-04-23;Transferencia;224;114;549;585;742
665;2025-11-23;Readequacao;183;786;957;797;592
666;2026-01-19;Promocao;411;361;89;770;289
667;2026-03-11;Transferencia;429;286;677;328;236
668;2026-04-08;Readequacao;646;681;30;906;123
669;2024-03-20;Transferencia;984;781;351;652;987
670;2025-09-07;Transferencia;515;231;886;880;111
671;2025-08-29;Transferencia;507;476;562;294;409
672;2026-04-30;Transferencia;161;182;831;410;139
673;2023-03-14;Transferencia;4;850;95;343;390
674;2023-06-05;Promocao;672;700;702;930;553
675;2024-12-25;Transferencia;393;669;331;429;728
676;2025-03-27;Readequacao;421;652;565;30;267
677;2022-06-16;Readequacao;230;625;346;635;264
678;2025-04-27;Transferencia;83;585;602;750;974
679;2021-11-02;Promocao;969;333;25;625;602
680;2026-04-28;Transferencia;171;701;830;94;699
681;2026-04-30;Readequacao;24;616;255;905;197
682;2024-04-05;Promocao;399;524;192;885;986
683;2021-03-09;Readequacao;871;469;147;378;891
684;2020-11-15;Readequacao;896;180;853;484;221
685;2021-02-08;Transferencia;944;331;147;136;962
686;2025-09-03;Transferencia;67;212;286;592;903
687;2022-06-11;Transferencia;471;701;972;618;715
688;2020-04-03;Readequacao;248;997;312;473;7
689;2023-04-17;Transferencia;657;823;687;619;360
690;2025-12-25;Promocao;894;931;1;164;255
691;2024-04-12;Promocao;474;986;300;72;612
692;2018-06-20;Transferencia;767;699;325;694;392
693;2024-12-29;Transferencia;888;482;377;883;12
694;2025-12-27;Transferencia;73;428;233;981;370
695;2024-10-14;Readequacao;905;551;450;124;363
696;2026-01-15;Readequacao;796;663;773;547;367
697;2026-03-12;Readequacao;25;493;828;848;883
698;2025-07-02;Readequacao;62;832;622;408;987
699;2018-09-26;Readequacao;788;373;65;410;642
700;2023-11-07;Transferencia;950;645;915;666;684
701;2026-01-01;Promocao;439;128;371;107;110
702;2020-05-27;Readequacao;868;777;974;846;717
703;2024-01-05;Transferencia;772;740;582;174;417
704;2025-06-01;Promocao;423;146;629;935;701
705;2026-01-26;Promocao;815;216;802;271;414
706;2025-07-18;Transferencia;338;711;152;76;855
707;2025-12-06;Promocao;921;504;440;771;204
708;2022-02-16;Readequacao;776;351;626;303;517
709;2022-04-12;Readequacao;456;807;56;462;539
710;2025-12-14;Promocao;265;282;393;609;434
711;2019-08-21;Transferencia;780;152;9;535;128
712;2021-10-04;Readequacao;27;902;803;380;570
713;2025-02-03;Readequacao;372;299;741;315;741
714;2023-11-04;Transferencia;163;650;911;313;410
715;2021-04-04;Promocao;731;690;925;302;157
716;2025-05-13;Readequacao;762;132;652;151;472
717;2025-10-27;Promocao;300;264;779;653;816
718;2025-12-04;Promocao;29;598;70;311;692
719;2018-05-19;Readequacao;599;266;608;373;245
720;2025-11-03;Transferencia;521;892;317;530;706
721;2022-02-08;Readequacao;489;996;654;353;519
722;2026-04-30;Transferencia;160;322;247;536;751
723;2026-04-22;Readequacao;388;949;603;497;127
724;2024-12-02;Transferencia;174;494;844;180;589
725;2024-03-13;Promocao;919;15;701;685;243
726;2025-12-12;Promocao;351;317;224;212;478
727;2025-11-18;Readequacao;154;624;811;797;150
728;2024-06-10;Transferencia;809;666;275;202;596
729;2022-12-24;Readequacao;511;584;88;935;116
730;2017-04-28;Readequacao;929;861;560;765;634
731;2021-11-20;Transferencia;920;760;780;208;440
732;2021-02-13;Promocao;681;409;205;642;425
733;2022-09-01;Transferencia;975;520;782;69;898
734;2023-12-08;Promocao;567;994;299;818;400
735;2025-12-31;Transferencia;458;254;192;251;562
736;2025-01-13;Readequacao;817;188;428;707;215
737;2023-01-22;Readequacao;879;234;616;707;291
738;2022-07-10;Transferencia;468;42;66;624;960
739;2024-07-18;Promocao;566;94;336;761;507
740;2020-04-17;Promocao;751;928;164;925;24
741;2023-11-16;Promocao;536;63;244;213;223
742;2024-08-21;Transferencia;250;780;327;596;299
743;2025-04-10;Promocao;476;550;292;903;665
744;2020-11-02;Promocao;327;202;849;490;491
745;2019-08-25;Promocao;453;488;272;203;212
746;2025-08-30;Transferencia;556;221;556;613;359
747;2022-10-24;Transferencia;308;10;570;596;767
748;2021-09-23;Transferencia;882;738;485;908;357
749;2021-07-12;Readequacao;797;604;531;826;601
750;2025-08-19;Transferencia;630;468;756;1;661
751;2022-07-13;Transferencia;773;616;976;278;434
752;2023-05-31;Transferencia;647;337;644;520;703
753;2024-08-03;Transferencia;527;975;909;661;253
754;2025-11-13;Transferencia;271;545;795;255;832
755;2025-03-28;Transferencia;282;575;393;516;92
756;2023-07-19;Promocao;641;115;221;775;746
757;2017-09-01;Readequacao;500;327;7;915;308
758;2025-02-10;Promocao;482;168;331;184;163
759;2026-03-29;Promocao;779;690;456;312;689
760;2026-04-01;Readequacao;948;351;906;654;733
761;2021-12-11;Promocao;552;199;318;798;795
762;2021-10-29;Readequacao;782;219;724;315;621
763;2026-03-15;Transferencia;313;785;90;544;287
764;2025-11-15;Readequacao;106;308;851;950;169
765;2025-03-19;Transferencia;216;689;229;159;855
766;2024-06-01;Promocao;161;785;831;406;139
767;2024-07-19;Promocao;873;625;952;679;952
768;2024-05-29;Readequacao;334;486;64;670;155
769;2024-02-14;Transferencia;808;799;770;744;522
770;2024-07-03;Transferencia;235;484;363;957;274
771;2026-02-18;Readequacao;380;314;12;342;659
772;2025-12-29;Transferencia;363;764;752;323;255
773;2024-11-10;Transferencia;316;577;998;403;164
774;2022-10-08;Transferencia;6;57;722;992;72
775;2025-06-24;Transferencia;363;825;752;144;255
776;2024-06-22;Readequacao;786;20;371;839;530
777;2026-03-11;Transferencia;208;678;319;734;707
778;2022-12-09;Transferencia;302;25;996;330;146
779;2022-10-27;Readequacao;810;334;586;572;161
780;2025-08-07;Readequacao;757;817;131;221;497
781;2025-04-09;Promocao;516;877;324;281;497
782;2021-05-03;Readequacao;77;165;462;334;931
783;2024-12-29;Promocao;492;482;197;975;102
784;2023-07-08;Readequacao;800;400;236;705;478
785;2025-02-16;Readequacao;499;287;464;622;459
786;2018-01-09;Readequacao;385;104;675;58;228
787;2026-01-07;Transferencia;351;551;224;379;478
788;2019-11-23;Promocao;946;114;643;484;557
789;2026-05-05;Readequacao;902;76;542;333;358
790;2024-10-04;Readequacao;424;895;42;155;225
791;2024-12-05;Promocao;307;205;152;576;94
792;2020-02-22;Readequacao;449;336;898;587;551
793;2022-02-24;Transferencia;782;571;724;544;621
794;2016-05-20;Promocao;707;144;391;791;310
795;2025-12-13;Transferencia;892;729;185;757;6
796;2024-03-20;Transferencia;981;927;150;792;656
797;2021-03-28;Transferencia;766;189;455;329;87
798;2025-06-21;Promocao;234;371;18;342;515
799;2026-05-06;Readequacao;694;266;309;262;93
800;2019-02-02;Readequacao;766;144;455;123;87
801;2025-11-26;Transferencia;421;406;565;826;267
802;2020-01-17;Promocao;818;852;512;542;830
803;2025-02-23;Readequacao;935;383;122;17;176
804;2021-05-11;Transferencia;448;983;5;517;268
805;2024-07-28;Readequacao;810;504;586;290;161
806;2025-06-29;Promocao;342;69;406;753;911
807;2019-01-04;Promocao;579;998;829;572;756
808;2021-03-22;Promocao;545;818;786;526;7
809;2025-01-29;Promocao;588;625;743;666;291
810;2019-08-03;Transferencia;770;786;243;701;505
811;2022-10-21;Readequacao;838;477;640;463;213
812;2024-08-15;Promocao;156;339;309;75;125
813;2024-05-02;Readequacao;664;465;123;541;147
814;2025-10-14;Promocao;758;972;967;443;573
815;2024-12-28;Readequacao;412;301;401;7;816
816;2025-04-07;Promocao;849;20;181;9;621
817;2022-08-05;Promocao;331;155;4;266;438
818;2025-10-22;Readequacao;599;787;608;335;245
819;2021-04-09;Readequacao;469;789;671;842;954
820;2026-03-09;Readequacao;948;915;906;902;733
821;2025-11-23;Promocao;889;157;492;194;281
822;2026-04-08;Promocao;212;186;57;104;465
823;2026-04-18;Promocao;547;968;474;865;803
824;2025-10-24;Promocao;799;554;631;357;307
825;2026-04-20;Promocao;336;323;925;951;875
826;2022-05-02;Promocao;674;207;28;311;784
827;2024-04-29;Promocao;435;239;803;959;545
828;2026-03-09;Transferencia;791;28;802;141;131
829;2023-05-09;Readequacao;127;27;944;455;348
830;2025-02-06;Promocao;875;214;933;390;735
831;2025-01-20;Promocao;458;409;192;204;562
832;2025-02-28;Promocao;790;605;641;835;458
833;2024-05-04;Readequacao;96;519;873;936;337
834;2026-04-19;Promocao;742;125;844;167;576
835;2026-03-26;Readequacao;124;501;363;759;895
836;2025-08-14;Promocao;367;426;609;196;50
837;2026-03-09;Transferencia;93;369;245;490;586
838;2024-01-24;Promocao;521;968;317;468;706
839;2025-05-01;Transferencia;8;823;176;431;547
840;2026-03-18;Transferencia;985;103;448;365;364
841;2023-06-13;Transferencia;969;857;25;67;602
842;2025-05-14;Readequacao;969;308;25;235;602
843;2023-12-26;Transferencia;87;660;638;830;775
844;2024-11-21;Transferencia;897;17;666;975;926
845;2023-01-09;Promocao;748;47;718;145;567
846;2025-02-14;Readequacao;182;10;461;132;254
847;2025-04-25;Promocao;160;712;247;482;751
848;2025-05-07;Readequacao;63;822;407;215;965
849;2024-04-26;Transferencia;677;381;325;633;387
850;2018-07-09;Promocao;844;430;511;177;304
851;2026-03-16;Readequacao;959;989;375;156;145
852;2021-05-22;Promocao;829;374;715;901;744
853;2018-06-03;Promocao;806;31;194;510;875
854;2025-07-23;Transferencia;314;641;392;383;801
855;2025-03-08;Promocao;637;30;143;803;695
856;2024-12-04;Promocao;340;911;154;482;152
857;2023-04-23;Promocao;753;936;348;418;242
858;2025-04-06;Readequacao;553;781;397;613;731
859;2025-10-10;Promocao;538;162;592;103;859
860;2023-11-24;Promocao;358;95;482;430;55
861;2024-10-21;Readequacao;116;476;113;426;677
862;2025-03-29;Readequacao;451;878;529;618;549
863;2022-04-27;Transferencia;1;488;229;481;143
864;2022-12-12;Transferencia;132;673;510;553;765
865;2021-08-30;Readequacao;980;490;351;505;619
866;2025-11-30;Promocao;852;201;576;129;621
867;2023-08-31;Promocao;528;825;534;965;112
868;2026-01-03;Promocao;231;85;939;762;911
869;2025-04-30;Readequacao;735;290;460;909;715
870;2022-07-31;Promocao;108;232;689;257;269
871;2022-10-10;Transferencia;748;337;718;728;567
872;2023-08-16;Promocao;685;779;197;922;29
873;2023-10-15;Promocao;336;384;925;678;875
874;2026-02-23;Transferencia;594;766;956;928;39
875;2022-11-15;Promocao;648;814;328;203;473
876;2025-01-09;Promocao;15;650;183;35;520
877;2023-08-11;Readequacao;166;331;77;12;688
878;2025-08-12;Promocao;493;879;73;353;14
879;2024-08-21;Promocao;644;416;568;463;503
880;2024-06-08;Promocao;465;559;980;451;149
881;2023-10-22;Readequacao;763;672;348;787;554
882;2026-02-20;Promocao;947;346;2;914;935
883;2021-01-16;Transferencia;262;827;375;893;334
884;2026-04-03;Promocao;791;468;802;680;131
885;2024-06-21;Transferencia;685;782;197;532;29
886;2025-05-23;Promocao;65;437;843;658;502
887;2023-04-08;Promocao;988;130;764;97;193
888;2022-07-15;Promocao;999;850;402;114;864
889;2024-11-28;Transferencia;564;303;581;130;807
890;2025-07-05;Promocao;315;447;327;567;612
891;2026-03-09;Readequacao;990;187;421;408;361
892;2018-10-18;Promocao;200;861;6;697;988
893;2019-02-21;Readequacao;795;204;743;752;636
894;2025-02-21;Promocao;363;616;752;799;255
895;2026-03-28;Promocao;577;544;926;538;352
896;2025-07-03;Promocao;820;372;210;553;972
897;2023-09-13;Promocao;711;171;188;384;37
898;2026-04-05;Readequacao;103;170;997;651;51
899;2024-11-29;Readequacao;880;232;507;864;299
900;2023-05-24;Readequacao;156;965;309;979;125
901;2023-12-10;Transferencia;435;286;803;51;545
902;2023-02-22;Transferencia;304;923;243;535;299
903;2022-12-28;Promocao;916;480;6;330;368
904;2023-06-13;Transferencia;739;1;848;77;881
905;2025-10-04;Promocao;726;685;461;320;639
906;2024-12-06;Promocao;946;628;643;609;557
907;2022-12-01;Transferencia;61;144;157;148;245
908;2020-06-26;Promocao;843;783;778;996;919
909;2025-10-04;Transferencia;401;662;809;430;587
910;2018-09-15;Transferencia;606;255;811;855;868
911;2019-09-29;Transferencia;73;987;233;972;370
912;2025-04-28;Readequacao;144;127;342;744;84
913;2025-08-25;Promocao;600;211;38;455;348
914;2026-02-05;Promocao;689;779;615;336;126
915;2022-02-12;Readequacao;653;534;143;319;837
916;2025-07-23;Promocao;106;613;851;483;169
917;2025-02-17;Promocao;677;306;325;842;387
918;2025-01-29;Promocao;555;466;327;158;792
919;2026-04-20;Transferencia;902;350;542;897;358
920;2017-08-18;Transferencia;973;391;785;859;892
921;2025-08-26;Readequacao;116;478;113;437;677
922;2026-03-15;Transferencia;173;727;378;709;479
923;2025-02-20;Promocao;777;231;216;536;471
924;2025-12-11;Transferencia;91;983;349;614;957
925;2025-09-23;Readequacao;248;507;312;857;7
926;2022-03-16;Readequacao;987;432;417;59;270
927;2026-01-11;Readequacao;108;789;689;287;269
928;2022-09-03;Readequacao;751;927;164;258;24
929;2024-09-02;Transferencia;521;430;317;683;706
930;2019-07-12;Readequacao;366;14;217;104;752
931;2025-08-02;Transferencia;826;249;337;600;933
932;2026-04-26;Transferencia;227;445;478;682;547
933;2025-09-06;Transferencia;107;847;881;726;693
934;2025-08-10;Transferencia;575;858;39;580;582
935;2024-03-10;Readequacao;622;892;190;948;809
936;2025-10-05;Readequacao;392;617;958;111;567
937;2024-01-07;Promocao;859;590;316;98;752
938;2024-09-10;Readequacao;990;370;421;595;361
939;2023-09-24;Transferencia;727;432;266;835;893
940;2019-02-17;Transferencia;736;356;931;663;702
941;2025-05-25;Readequacao;873;588;952;885;952
942;2026-03-31;Readequacao;39;833;755;825;947
943;2025-07-07;Promocao;763;686;348;930;554
944;2026-01-05;Readequacao;222;186;153;25;308
945;2023-07-22;Transferencia;969;102;25;300;602
946;2018-08-19;Transferencia;822;747;987;468;396
947;2026-01-17;Promocao;368;353;157;361;211
948;2025-09-12;Transferencia;284;803;881;49;223
949;2025-11-27;Promocao;470;651;36;270;680
950;2024-03-29;Readequacao;215;790;385;885;83
951;2024-02-19;Transferencia;664;759;123;411;147
952;2025-04-08;Transferencia;800;177;236;865;478
953;2022-05-29;Readequacao;878;342;228;361;110
954;2022-06-13;Transferencia;552;325;318;849;795
955;2019-07-21;Transferencia;104;655;257;416;695
956;2025-09-05;Transferencia;637;655;143;191;695
957;2026-03-18;Transferencia;208;877;319;725;707
958;2025-12-27;Transferencia;360;826;500;449;341
959;2019-10-02;Transferencia;773;983;976;173;434
960;2020-01-06;Transferencia;17;195;60;596;247
961;2024-05-01;Readequacao;931;718;810;658;23
962;2025-03-14;Promocao;304;574;243;552;299
963;2023-04-14;Promocao;408;713;39;78;90
964;2024-02-07;Readequacao;96;729;873;613;337
965;2021-01-24;Transferencia;415;150;873;734;56
966;2022-03-23;Transferencia;546;407;945;137;689
967;2025-03-07;Transferencia;107;835;881;898;693
968;2024-04-27;Transferencia;629;995;509;85;155
969;2025-05-26;Promocao;231;846;939;42;911
970;2019-03-31;Promocao;562;684;838;281;732
971;2022-09-04;Promocao;507;854;562;712;409
972;2025-09-19;Promocao;252;451;869;664;815
973;2022-12-30;Promocao;149;304;240;250;547
974;2025-02-12;Transferencia;879;495;616;859;291
975;2026-04-23;Promocao;425;565;481;582;940
976;2024-07-22;Readequacao;423;869;629;532;701
977;2025-06-11;Readequacao;410;765;775;268;764
978;2022-09-15;Transferencia;816;823;486;821;240
979;2021-05-10;Promocao;442;374;805;922;347
980;2025-09-18;Readequacao;328;366;76;79;351
981;2025-06-11;Readequacao;138;881;698;848;947
982;2025-04-16;Readequacao;253;99;613;940;491
983;2025-07-14;Promocao;726;549;461;322;639
984;2022-07-11;Readequacao;827;738;812;357;305
985;2024-08-04;Readequacao;719;477;158;276;124
986;2023-02-17;Transferencia;857;472;862;634;166
987;2024-11-22;Promocao;510;67;823;977;453
988;2023-06-13;Readequacao;23;460;434;573;421
989;2022-11-23;Readequacao;59;489;466;889;335
990;2024-10-25;Promocao;152;699;928;363;526
991;2026-02-25;Transferencia;978;283;385;584;163
992;2026-04-17;Readequacao;971;29;953;731;788
993;2025-12-11;Promocao;503;722;591;783;840
994;2026-03-25;Transferencia;406;678;527;463;85
995;2023-04-24;Readequacao;552;339;318;239;795
996;2025-03-15;Promocao;818;969;512;417;830
997;2025-03-24;Transferencia;785;698;3;601;961
998;2017-09-12;Promocao;884;995;299;625;919
999;2025-09-15;Promocao;730;367;248;602;447
1000;2020-07-22;Readequacao;794;629;106;66;13
